Time t / s,Voltage U / kV,Current I / mA,Angle &b / °,Rate R / 1/s,Wavelength n&l / pm,Energy E / keV,Transmission T / %,
0,16,1,2.5,6,17.5611653532843,70.6013510526012,100,
0.101,16,1,2.6,4,18.2631390208376,67.8876724633912,100,
0.2,16,1,2.7,8,18.9650570557021,65.3750735554588,100,
0.299,16,1,2.8,5,19.6669173197139,63.0420100844781,100,
0.399,16,1,2.9,9,20.3687176748848,60.8699094262945,100,
0.499,16,1,3,4,21.0704559834092,58.8426753068964,100,
0.6,16,1,3.1,8,21.7721301076705,56.946288391102,100,
0.701,16,1,3.2,9,22.4737379102477,55.1684817608666,100,
0.801,16,1,3.3,8,23.1752772539218,53.4984753975356,100,
0.9,16,1,3.4,9,23.8767460016822,51.9267575201684,100,
1,16,1,3.5,8,24.5781420167334,50.4449034087233,100,
1.099,16,1,3.6,6,25.2794631625016,49.0454244233765,100,
1.2,16,1,3.7,7,25.9807073026409,47.7216415071953,100,
1.301,16,1,3.8,5,26.6818723010401,46.4675786620743,100,
1.401,16,1,3.9,4,27.3829560218289,45.2778728129875,100,
1.5,16,1,4,5,28.0839563293848,44.1476971926041,100,
1.6,16,1,4.1,4,28.7848710883394,43.0726959379108,100,
1.7,16,1,4.2,3,29.4856981635845,42.048928030174,100,
1.8,16,1,4.3,3,30.1864354202795,41.0728190572333,100,
1.9,16,1,4.4,8,30.8870807238572,40.1411195536633,100,
2,16,1,4.5,4,31.5876319400304,39.250868895581,100,
2.1,16,1,4.6,7,32.2880869347986,38.3993639048263,100,
2.2,16,1,4.7,3,32.9884435744545,37.5841314611189,100,
2.3,16,1,4.8,3,33.6886997255902,36.8029045376959,100,
2.4,16,1,4.9,9,34.3888532551041,36.0536011713615,100,
2.5,16,1,5,4,35.0889020302072,35.3343059561297,100,
2.601,16,1,5.1,2,35.7888439184294,34.6432537140868,100,
2.7,16,1,5.2,7,36.4886767876263,33.9788150503842,100,
2.8,16,1,5.3,8,37.1883985059857,33.3394835435153,100,
2.9,16,1,5.4,8,37.8880069420339,32.7238643588953,100,
3,16,1,5.5,4,38.5874999646422,32.1306641045953,100,
3.1,16,1,5.6,8,39.2868754430336,31.5586817739625,100,
3.2,16,1,5.7,4,39.9861312467891,31.006800641649,100,
3.3,16,1,5.8,3,40.6852652458542,30.4739809979815,100,
3.4,16,1,5.9,3,41.3842753105456,29.95925362221,100,
3.5,16,1,6,4,42.0831593115573,29.4617139084304,100,
3.6,16,1,6.1,5,42.7819151199675,28.9805165692859,100,
3.7,16,1,6.2,4,43.4805406072448,28.5148708522133,100,
3.8,16,1,6.3,2,44.1790336452548,28.0640362112848,100,
3.9,16,1,6.4,8,44.8773921062666,27.6273183848147,100,
4,16,1,6.5,5,45.5756138629592,27.2040658350333,100,
4.1,16,1,6.6,5,46.2736967884281,26.7936665114263,100,
4.2,16,1,6.7,5,46.9716387561915,26.3955449039251,100,
4.3,16,1,6.8,10,47.6694376401973,26.0091593561092,100,
4.4,16,1,6.9,4,48.3670913148289,25.6339996120436,100,
4.5,16,1,7,6,49.0645976549124,25.2695845733867,100,
4.6,16,1,7.1,8,49.7619545357224,24.9154602460392,100,
4.7,16,1,7.2,6,50.4591598329889,24.5711978579046,100,
4.8,16,1,7.3,4,51.1562114229037,24.2363921313551,100,
4.9,16,1,7.4,2,51.8531071821268,23.9106596957677,100,
5,16,1,7.5,4,52.5498449877928,23.593637627057,100,
5.1,16,1,7.6,4,53.2464227175175,23.2849821025086,100,
5.201,16,1,7.7,2,53.9428382494044,22.9843671604301,100,
5.301,16,1,7.8,6,54.6390894620509,22.6914835552141,100,
5.399,16,1,7.9,4,55.3351742345553,22.4060376993582,100,
5.5,16,1,8,1,56.0310904465223,22.1277506848335,100,
5.6,16,1,8.1,4,56.7268359780708,21.856357376944,100,
5.7,16,1,8.2,10,57.422408709839,21.59160557449,100,
5.8,16,1,8.3,2,58.1178065229918,21.3332552306411,100,
5.9,16,1,8.4,5,58.8130272992269,21.0810777294625,100,
5.999,16,1,8.5,4,59.5080689207812,20.8348552135091,100,
6.099,16,1,8.6,6,60.2029292704375,20.5943799583324,100,
6.2,16,1,8.7,2,60.8976062315305,20.3594537901238,100,
6.3,16,1,8.8,1,61.5920976879537,20.1298875430653,100,
6.4,16,1,8.9,4,62.2864015241659,19.9055005532623,100,
6.501,16,1,9,1,62.980515625197,19.6861201864148,100,
6.6,16,1,9.1,3,63.6744378766551,19.4715813966308,100,
6.7,16,1,9.2,4,64.3681661647327,19.2617263140131,100,
6.8,16,1,9.3,4,65.0616983762132,19.056403858853,100,
6.9,16,1,9.4,1,65.7550323984771,18.8554693804503,100,
7,16,1,9.5,3,66.4481661195088,18.6587843187442,100,
7.1,16,1,9.6,4,67.1410974279028,18.466215887093,100,
7.2,16,1,9.7,4,67.83382421287,18.2776367746751,100,
7.3,16,1,9.8,5,68.5263443642447,18.0929248671102,100,
7.4,16,1,9.9,4,69.2186557724903,17.9119629840132,100,
7.5,16,1,10,5,69.9107563287062,17.7346386322945,100,
7.6,16,1,10.1,3,70.602643924634,17.5608437741155,100,
7.699,16,1,10.2,5,71.2943164526642,17.3904746084941,100,
7.8,16,1,10.3,4,71.9857718058424,17.2234313656324,100,
7.9,16,1,10.4,4,72.6770078778755,17.0596181131094,100,
8,16,1,10.5,8,73.3680225631386,16.8989425731493,100,
8.1,16,1,10.6,6,74.0588137566811,16.7413159502322,100,
8.2,16,1,10.7,6,74.7493793542334,16.5866527683722,100,
8.3,16,1,10.8,1,75.4397172522127,16.4348707174354,100,
8.4,16,1,10.9,8,76.1298253477302,16.2858905079173,100,
8.5,16,1,11,6,76.8197015385969,16.1396357336413,100,
8.6,16,1,11.1,16,77.5093437233303,15.9960327418797,100,
8.7,16,1,11.2,16,78.1987498011607,15.8550105104314,100,
8.8,16,1,11.3,22,78.8879176720376,15.7165005312274,100,
8.9,16,1,11.4,50,79.5768452366362,15.5804367000615,100,
9,16,1,11.5,77,80.2655303963636,15.4467552120751,100,
9.1,16,1,11.6,97,80.9539710533654,15.315394462647,100,
9.2,16,1,11.7,90,81.6421651105319,15.1862949533667,100,
9.3,16,1,11.8,87,82.3301104715048,15.0593992027877,100,
9.399,16,1,11.9,120,83.0178050406831,14.9346516616816,100,
9.501,16,1,12,133,83.7052467232299,14.8119986325292,100,
9.6,16,1,12.1,120,84.3924334250787,14.6913881930031,100,
9.7,16,1,12.2,143,85.0793630529395,14.5727701232145,100,
9.799,16,1,12.3,134,85.7660335143056,14.4560958365085,100,
9.9,16,1,12.4,150,86.4524427174596,14.3413183136074,100,
10,16,1,12.5,148,87.1385885714802,14.2283920399164,100,
10.1,16,1,12.6,156,87.824468986248,14.1172729458135,100,
10.2,16,1,12.7,192,88.5100818724524,14.0079183497613,100,
10.3,16,1,12.8,175,89.1954251415975,13.9002869040845,100,
10.4,16,1,12.9,162,89.880496706009,13.7943385432705,100,
10.5,16,1,13,186,90.56529447884,13.6900344346551,100,
10.6,16,1,13.1,213,91.2498163740779,13.5873369313674,100,
10.7,16,1,13.2,201,91.93406030655,13.4862095274135,100,
10.8,16,1,13.3,187,92.6180241919308,13.3866168147865,100,
10.9,16,1,13.4,155,93.3017059467477,13.2885244424967,100,
11,16,1,13.5,160,93.9851034883875,13.1918990774234,100,
11.1,16,1,13.6,164,94.6682147351028,13.0967083668925,100,
11.2,16,1,13.7,161,95.3510376060181,13.0029209028948,100,
11.301,16,1,13.8,162,96.0335700211367,12.9105061878582,100,
11.4,16,1,13.9,179,96.7158099013464,12.8194346018989,100,
11.5,16,1,14,166,97.3977551684262,12.7296773714752,100,
11.6,16,1,14.1,170,98.0794037450527,12.6412065393754,100,
11.7,16,1,14.2,175,98.7607535548059,12.5539949359739,100,
11.8,16,1,14.3,183,99.4418025221763,12.4680161516934,100,
11.9,16,1,14.4,190,100.122548572571,12.3832445106143,100,
12,16,1,14.5,175,100.802989632318,12.2996550451763,100,
12.1,16,1,14.6,179,101.483123628678,12.2172234719196,100,
12.199,16,1,14.7,154,102.162948489843,12.1359261682161,100,
12.299,16,1,14.8,160,102.842462144949,12.0557401499444,100,
12.399,16,1,14.9,147,103.521662524081,11.976643050063,100,
12.5,16,1,15,184,104.200547558275,11.8986130980416,100,
12.6,,,,,,,,
12.7,,,,,,,,
12.8,,,,,,,,
12.9,,,,,,,,
12.999,,,,,,,,
13.1,,,,,,,,
13.199,,,,,,,,
13.3,,,,,,,,
13.4,,,,,,,,
13.5,,,,,,,,
13.6,,,,,,,,
13.7,,,,,,,,
13.799,,,,,,,,
13.9,,,,,,,,
14,,,,,,,,
14.1,,,,,,,,
14.2,,,,,,,,
14.299,,,,,,,,
14.401,,,,,,,,
14.5,,,,,,,,
14.599,,,,,,,,
14.699,,,,,,,,
14.8,,,,,,,,
14.899,,,,,,,,
15,,,,,,,,
15.1,,,,,,,,
15.2,,,,,,,,
15.299,,,,,,,,
15.399,,,,,,,,
15.499,,,,,,,,
15.6,,,,,,,,
15.7,,,,,,,,
15.799,,,,,,,,
15.901,,,,,,,,
16,,,,,,,,
16.1,,,,,,,,
16.201,,,,,,,,
16.3,,,,,,,,
16.4,,,,,,,,
16.5,,,,,,,,
16.601,,,,,,,,
16.699,,,,,,,,
16.8,,,,,,,,
16.9,,,,,,,,
17,,,,,,,,
17.099,,,,,,,,
17.2,,,,,,,,
17.3,,,,,,,,
17.401,,,,,,,,
17.499,,,,,,,,
17.601,,,,,,,,
17.701,,,,,,,,
17.8,,,,,,,,
17.9,,,,,,,,
17.999,,,,,,,,
18.1,,,,,,,,
18.2,,,,,,,,
18.3,,,,,,,,
18.399,,,,,,,,
18.5,,,,,,,,
18.6,,,,,,,,
18.7,,,,,,,,
18.801,,,,,,,,
18.901,,,,,,,,
19,,,,,,,,
19.099,,,,,,,,
19.199,,,,,,,,
19.3,,,,,,,,
19.4,,,,,,,,
19.5,,,,,,,,
19.6,,,,,,,,
19.701,,,,,,,,
19.8,,,,,,,,
19.9,,,,,,,,
19.999,,,,,,,,
20.1,,,,,,,,
20.2,,,,,,,,
20.3,,,,,,,,
20.401,,,,,,,,
20.499,,,,,,,,
20.6,,,,,,,,
20.699,,,,,,,,
20.801,,,,,,,,
20.9,,,,,,,,
21,,,,,,,,
21.1,,,,,,,,
21.2,,,,,,,,
21.299,,,,,,,,
21.4,,,,,,,,
21.5,,,,,,,,
21.601,,,,,,,,
21.701,,,,,,,,
21.799,,,,,,,,
21.901,,,,,,,,
22,,,,,,,,
22.099,,,,,,,,
22.201,,,,,,,,
22.3,,,,,,,,
22.4,,,,,,,,
22.499,,,,,,,,
22.599,,,,,,,,
22.7,,,,,,,,
22.8,,,,,,,,
22.9,,,,,,,,
22.999,,,,,,,,
23.101,,,,,,,,
23.201,,,,,,,,
23.3,,,,,,,,
23.4,,,,,,,,
23.5,,,,,,,,
23.599,,,,,,,,
23.701,,,,,,,,
23.8,,,,,,,,
23.901,,,,,,,,
24,,,,,,,,
24.1,,,,,,,,
24.2,,,,,,,,
24.301,,,,,,,,
24.4,,,,,,,,
24.499,,,,,,,,
24.6,,,,,,,,
24.7,,,,,,,,
24.8,,,,,,,,
24.9,,,,,,,,
25.001,,,,,,,,
25.1,,,,,,,,
25.2,,,,,,,,
25.301,,,,,,,,
25.4,,,,,,,,
25.499,,,,,,,,
25.6,,,,,,,,
25.7,,,,,,,,
25.801,,,,,,,,
25.9,,,,,,,,
25.999,,,,,,,,
26.101,,,,,,,,
26.201,,,,,,,,
26.3,,,,,,,,
26.4,,,,,,,,
26.5,,,,,,,,
26.599,,,,,,,,
26.701,,,,,,,,
26.8,,,,,,,,
26.9,,,,,,,,
27.001,,,,,,,,
27.1,,,,,,,,
27.201,,,,,,,,
27.301,,,,,,,,
27.4,,,,,,,,
27.5,,,,,,,,
27.6,,,,,,,,
27.7,,,,,,,,
27.8,,,,,,,,
27.9,,,,,,,,
28.001,,,,,,,,
28.101,,,,,,,,
28.201,,,,,,,,
28.301,,,,,,,,
28.4,,,,,,,,
28.5,,,,,,,,
28.599,,,,,,,,
28.7,,,,,,,,
28.8,,,,,,,,
28.9,,,,,,,,
29,,,,,,,,
29.099,,,,,,,,
29.199,,,,,,,,
29.3,,,,,,,,
29.4,,,,,,,,
29.5,,,,,,,,
29.599,,,,,,,,
29.699,,,,,,,,
29.8,,,,,,,,
29.9,,,,,,,,
30.001,,,,,,,,
30.1,,,,,,,,
30.2,,,,,,,,
30.301,,,,,,,,
30.4,,,,,,,,
30.501,,,,,,,,
30.6,,,,,,,,
30.7,,,,,,,,
30.799,,,,,,,,
30.901,,,,,,,,
31,,,,,,,,
31.1,,,,,,,,
31.201,,,,,,,,
31.3,,,,,,,,
31.4,,,,,,,,
31.501,,,,,,,,
31.601,,,,,,,,
31.7,,,,,,,,
31.8,,,,,,,,
31.9,,,,,,,,
32,,,,,,,,
32.1,,,,,,,,
32.2,,,,,,,,
32.3,,,,,,,,
32.4,,,,,,,,
32.501,,,,,,,,
32.601,,,,,,,,
32.7,,,,,,,,
32.8,,,,,,,,
32.9,,,,,,,,
33.001,,,,,,,,
33.099,,,,,,,,
33.2,,,,,,,,
33.299,,,,,,,,
33.4,,,,,,,,
33.501,,,,,,,,
33.601,,,,,,,,
33.7,,,,,,,,
33.801,,,,,,,,
33.899,,,,,,,,
34.001,,,,,,,,
34.1,,,,,,,,
34.2,,,,,,,,
34.301,,,,,,,,
34.401,,,,,,,,
34.5,,,,,,,,
34.6,,,,,,,,
34.7,,,,,,,,
34.801,,,,,,,,
34.899,,,,,,,,
35,,,,,,,,
35.1,,,,,,,,
35.201,,,,,,,,
35.301,,,,,,,,
35.401,,,,,,,,
35.501,,,,,,,,
35.6,,,,,,,,
35.7,,,,,,,,
35.801,,,,,,,,
35.9,,,,,,,,
36,,,,,,,,
36.1,,,,,,,,
36.2,,,,,,,,
36.301,,,,,,,,
36.401,,,,,,,,
36.5,,,,,,,,
36.6,,,,,,,,
36.7,,,,,,,,
36.8,,,,,,,,
36.9,,,,,,,,
37,,,,,,,,
37.1,,,,,,,,
37.201,,,,,,,,
37.3,,,,,,,,
37.4,,,,,,,,
37.499,,,,,,,,
37.601,,,,,,,,
37.702,,,,,,,,
37.801,,,,,,,,
37.9,,,,,,,,
38.001,,,,,,,,
38.1,,,,,,,,
38.2,,,,,,,,
38.299,,,,,,,,
38.401,,,,,,,,
38.5,,,,,,,,
38.6,,,,,,,,
38.7,,,,,,,,
38.801,,,,,,,,
38.9,,,,,,,,
39,,,,,,,,
39.1,,,,,,,,
39.2,,,,,,,,
39.301,,,,,,,,
39.402,,,,,,,,
39.501,,,,,,,,
39.6,,,,,,,,
39.701,,,,,,,,
39.8,,,,,,,,
39.9,,,,,,,,
40,,,,,,,,
40.1,,,,,,,,
40.199,,,,,,,,
40.3,,,,,,,,
40.4,,,,,,,,
40.5,,,,,,,,
40.6,,,,,,,,
40.7,,,,,,,,
40.801,,,,,,,,
40.9,,,,,,,,
41,,,,,,,,
41.101,,,,,,,,
41.199,,,,,,,,
41.3,,,,,,,,
41.401,,,,,,,,
41.5,,,,,,,,
41.6,,,,,,,,
41.7,,,,,,,,
41.802,,,,,,,,
41.9,,,,,,,,
42,,,,,,,,
42.1,,,,,,,,
42.2,,,,,,,,
42.3,,,,,,,,
42.4,,,,,,,,
42.501,,,,,,,,
42.6,,,,,,,,
42.7,,,,,,,,
42.8,,,,,,,,
42.9,,,,,,,,
43,,,,,,,,
43.1,,,,,,,,
43.2,,,,,,,,
43.299,,,,,,,,
43.4,,,,,,,,
43.501,,,,,,,,
43.601,,,,,,,,
43.7,,,,,,,,
43.801,,,,,,,,
43.9,,,,,,,,
44,,,,,,,,
44.1,,,,,,,,
44.2,,,,,,,,
44.301,,,,,,,,
44.4,,,,,,,,
44.499,,,,,,,,
44.6,,,,,,,,
44.701,,,,,,,,
44.801,,,,,,,,
44.899,,,,,,,,
45,,,,,,,,
45.101,,,,,,,,
45.2,,,,,,,,
45.301,,,,,,,,
45.399,,,,,,,,
45.502,,,,,,,,
45.601,,,,,,,,
45.7,,,,,,,,
45.801,,,,,,,,
45.901,,,,,,,,
46.001,,,,,,,,
46.1,,,,,,,,
46.2,,,,,,,,
46.301,,,,,,,,
46.4,,,,,,,,
46.5,,,,,,,,
46.601,,,,,,,,
46.701,,,,,,,,
46.8,,,,,,,,
46.9,,,,,,,,
47,,,,,,,,
47.101,,,,,,,,
47.2,,,,,,,,
47.3,,,,,,,,
47.4,,,,,,,,
47.499,,,,,,,,
47.6,,,,,,,,
47.701,,,,,,,,
47.801,,,,,,,,
47.9,,,,,,,,
48,,,,,,,,
48.101,,,,,,,,
48.2,,,,,,,,
48.302,,,,,,,,
48.401,,,,,,,,
48.5,,,,,,,,
48.599,,,,,,,,
48.7,,,,,,,,
48.801,,,,,,,,
48.9,,,,,,,,
49,,,,,,,,
49.101,,,,,,,,
49.201,,,,,,,,
49.3,,,,,,,,
49.401,,,,,,,,
49.502,,,,,,,,
49.599,,,,,,,,
49.7,,,,,,,,
49.801,,,,,,,,
49.901,,,,,,,,
50,,,,,,,,
50.1,,,,,,,,
50.201,,,,,,,,
50.301,,,,,,,,
50.401,,,,,,,,
50.5,,,,,,,,
50.6,,,,,,,,
50.7,,,,,,,,
50.801,,,,,,,,
50.9,,,,,,,,
51,,,,,,,,
51.101,,,,,,,,
51.2,,,,,,,,
51.3,,,,,,,,
51.401,,,,,,,,
51.5,,,,,,,,
51.601,,,,,,,,
51.7,,,,,,,,
51.8,,,,,,,,
51.9,,,,,,,,
52,,,,,,,,
52.101,,,,,,,,
52.201,,,,,,,,
52.3,,,,,,,,
52.4,,,,,,,,
52.5,,,,,,,,
52.6,,,,,,,,
52.7,,,,,,,,
52.801,,,,,,,,
52.901,,,,,,,,
53.001,,,,,,,,
53.101,,,,,,,,
53.201,,,,,,,,
53.301,,,,,,,,
53.4,,,,,,,,
53.499,,,,,,,,
53.6,,,,,,,,
53.7,,,,,,,,
53.8,,,,,,,,
53.9,,,,,,,,
54,,,,,,,,
54.101,,,,,,,,
54.2,,,,,,,,
54.301,,,,,,,,
54.4,,,,,,,,
54.5,,,,,,,,
54.601,,,,,,,,
54.701,,,,,,,,
54.8,,,,,,,,
54.901,,,,,,,,
55,,,,,,,,
55.099,,,,,,,,
55.201,,,,,,,,
55.301,,,,,,,,
55.401,,,,,,,,
55.5,,,,,,,,
55.6,,,,,,,,
55.7,,,,,,,,
55.801,,,,,,,,
55.901,,,,,,,,
56,,,,,,,,
56.1,,,,,,,,
56.2,,,,,,,,
56.301,,,,,,,,
56.402,,,,,,,,
56.5,,,,,,,,
56.6,,,,,,,,
56.7,,,,,,,,
56.8,,,,,,,,
56.9,,,,,,,,
57,,,,,,,,
57.1,,,,,,,,
57.199,,,,,,,,
57.3,,,,,,,,
57.401,,,,,,,,
57.5,,,,,,,,
57.601,,,,,,,,
57.701,,,,,,,,
57.8,,,,,,,,
57.9,,,,,,,,
57.999,,,,,,,,
58.101,,,,,,,,
58.2,,,,,,,,
58.301,,,,,,,,
58.4,,,,,,,,
58.5,,,,,,,,
58.601,,,,,,,,
58.7,,,,,,,,
58.801,,,,,,,,
58.901,,,,,,,,
59.001,,,,,,,,
59.102,,,,,,,,
59.201,,,,,,,,
59.3,,,,,,,,
59.401,,,,,,,,
59.5,,,,,,,,
59.601,,,,,,,,
59.7,,,,,,,,
59.8,,,,,,,,
59.901,,,,,,,,
60.001,,,,,,,,
60.1,,,,,,,,
60.201,,,,,,,,
60.301,,,,,,,,
60.4,,,,,,,,
60.5,,,,,,,,
60.6,,,,,,,,
60.701,,,,,,,,
60.8,,,,,,,,
60.9,,,,,,,,
61.001,,,,,,,,
61.1,,,,,,,,
61.201,,,,,,,,
61.3,,,,,,,,
61.4,,,,,,,,
61.5,,,,,,,,
61.6,,,,,,,,
61.701,,,,,,,,
61.8,,,,,,,,
61.9,,,,,,,,
62,,,,,,,,
62.101,,,,,,,,
62.2,,,,,,,,
62.301,,,,,,,,
62.401,,,,,,,,
62.5,,,,,,,,
62.6,,,,,,,,
62.7,,,,,,,,
62.801,,,,,,,,
62.9,,,,,,,,
63.001,,,,,,,,
63.1,,,,,,,,
63.2,,,,,,,,
63.3,,,,,,,,
63.4,,,,,,,,
63.5,,,,,,,,
63.6,,,,,,,,
63.7,,,,,,,,
63.8,,,,,,,,
63.9,,,,,,,,
64,,,,,,,,
64.1,,,,,,,,
64.2,,,,,,,,
64.3,,,,,,,,
64.4,,,,,,,,
64.501,,,,,,,,
64.601,,,,,,,,
64.701,,,,,,,,
64.8,,,,,,,,
64.901,,,,,,,,
65.001,,,,,,,,
65.1,,,,,,,,
65.201,,,,,,,,
65.301,,,,,,,,
65.4,,,,,,,,
65.5,,,,,,,,
65.6,,,,,,,,
65.701,,,,,,,,
65.8,,,,,,,,
65.901,,,,,,,,
66,,,,,,,,
66.1,,,,,,,,
66.2,,,,,,,,
66.3,,,,,,,,
66.4,,,,,,,,
66.5,,,,,,,,
66.601,,,,,,,,
66.701,,,,,,,,
66.8,,,,,,,,
66.9,,,,,,,,
67,,,,,,,,
67.101,,,,,,,,
67.2,,,,,,,,
67.3,,,,,,,,
67.4,,,,,,,,
67.501,,,,,,,,
67.601,,,,,,,,
67.7,,,,,,,,
67.8,,,,,,,,
67.9,,,,,,,,
68.001,,,,,,,,
68.1,,,,,,,,
68.201,,,,,,,,
68.3,,,,,,,,
68.401,,,,,,,,
68.5,,,,,,,,
68.601,,,,,,,,
68.7,,,,,,,,
68.8,,,,,,,,
68.9,,,,,,,,
69.001,,,,,,,,
69.1,,,,,,,,
69.2,,,,,,,,
69.301,,,,,,,,
69.4,,,,,,,,
69.5,,,,,,,,
69.6,,,,,,,,
69.701,,,,,,,,
69.8,,,,,,,,
69.9,,,,,,,,
70.001,,,,,,,,
70.1,,,,,,,,
70.2,,,,,,,,
70.3,,,,,,,,
70.4,,,,,,,,
70.5,,,,,,,,
70.601,,,,,,,,
70.701,,,,,,,,
70.8,,,,,,,,
70.899,,,,,,,,
70.999,,,,,,,,
71.099,,,,,,,,
71.2,,,,,,,,
71.3,,,,,,,,
71.4,,,,,,,,
71.5,,,,,,,,
71.601,,,,,,,,
71.701,,,,,,,,
71.8,,,,,,,,
71.901,,,,,,,,
72.001,,,,,,,,
72.1,,,,,,,,
72.201,,,,,,,,
72.3,,,,,,,,
72.4,,,,,,,,
72.5,,,,,,,,
72.601,,,,,,,,
72.701,,,,,,,,
72.8,,,,,,,,
72.9,,,,,,,,
73.001,,,,,,,,
73.1,,,,,,,,
73.2,,,,,,,,
73.3,,,,,,,,
73.4,,,,,,,,
73.5,,,,,,,,
73.6,,,,,,,,
73.701,,,,,,,,
73.8,,,,,,,,
73.9,,,,,,,,
74.001,,,,,,,,
74.1,,,,,,,,
74.2,,,,,,,,
74.3,,,,,,,,
74.4,,,,,,,,
74.501,,,,,,,,
74.6,,,,,,,,
74.701,,,,,,,,
74.8,,,,,,,,
74.9,,,,,,,,
75.001,,,,,,,,
75.1,,,,,,,,
75.2,,,,,,,,
75.3,,,,,,,,
75.4,,,,,,,,
75.5,,,,,,,,
75.6,,,,,,,,
75.7,,,,,,,,
75.8,,,,,,,,
75.901,,,,,,,,
76,,,,,,,,
76.1,,,,,,,,
76.2,,,,,,,,
76.3,,,,,,,,
76.4,,,,,,,,
76.5,,,,,,,,
76.601,,,,,,,,
76.701,,,,,,,,
76.8,,,,,,,,
76.9,,,,,,,,
77,,,,,,,,
77.101,,,,,,,,
77.2,,,,,,,,
77.301,,,,,,,,
77.401,,,,,,,,
77.5,,,,,,,,
77.601,,,,,,,,
77.7,,,,,,,,
77.801,,,,,,,,
77.9,,,,,,,,
78.001,,,,,,,,
78.101,,,,,,,,
78.2,,,,,,,,
78.301,,,,,,,,
78.401,,,,,,,,
78.5,,,,,,,,
78.601,,,,,,,,
78.7,,,,,,,,
78.8,,,,,,,,
78.9,,,,,,,,
79.001,,,,,,,,
79.1,,,,,,,,
79.201,,,,,,,,
79.301,,,,,,,,
79.4,,,,,,,,
79.5,,,,,,,,
79.601,,,,,,,,
79.7,,,,,,,,
79.801,,,,,,,,
79.9,,,,,,,,
80.001,,,,,,,,
80.101,,,,,,,,
80.2,,,,,,,,
80.3,,,,,,,,
80.4,,,,,,,,
80.501,,,,,,,,
80.6,,,,,,,,
80.701,,,,,,,,
80.8,,,,,,,,
80.9,,,,,,,,
81.001,,,,,,,,
81.101,,,,,,,,
81.2,,,,,,,,
81.302,,,,,,,,
81.4,,,,,,,,
81.5,,,,,,,,
81.6,,,,,,,,
81.7,,,,,,,,
81.8,,,,,,,,
81.901,,,,,,,,
82,,,,,,,,
82.1,,,,,,,,
82.2,,,,,,,,
82.3,,,,,,,,
82.4,,,,,,,,
82.5,,,,,,,,
82.6,,,,,,,,
82.701,,,,,,,,
82.8,,,,,,,,
82.901,,,,,,,,
83.001,,,,,,,,
83.1,,,,,,,,
83.2,,,,,,,,
83.3,,,,,,,,
83.4,,,,,,,,
83.5,,,,,,,,
83.6,,,,,,,,
83.7,,,,,,,,
83.801,,,,,,,,
83.9,,,,,,,,
84,,,,,,,,
84.101,,,,,,,,
84.2,,,,,,,,
84.301,,,,,,,,
84.4,,,,,,,,
84.501,,,,,,,,
84.6,,,,,,,,
84.7,,,,,,,,
84.801,,,,,,,,
84.901,,,,,,,,
85,,,,,,,,
85.101,,,,,,,,
85.2,,,,,,,,
85.3,,,,,,,,
85.401,,,,,,,,
85.501,,,,,,,,
85.6,,,,,,,,
85.7,,,,,,,,
85.8,,,,,,,,
85.899,,,,,,,,
86.001,,,,,,,,
86.1,,,,,,,,
86.2,,,,,,,,
86.301,,,,,,,,
86.4,,,,,,,,
86.5,,,,,,,,
86.601,,,,,,,,
86.7,,,,,,,,
86.8,,,,,,,,
86.9,,,,,,,,
87.001,,,,,,,,
87.101,,,,,,,,
87.2,,,,,,,,
87.3,,,,,,,,
87.401,,,,,,,,
87.5,,,,,,,,
87.601,,,,,,,,
87.701,,,,,,,,
87.8,,,,,,,,
87.901,,,,,,,,
88.001,,,,,,,,
88.1,,,,,,,,
88.2,,,,,,,,
88.301,,,,,,,,
88.4,,,,,,,,
88.501,,,,,,,,
88.6,,,,,,,,
88.7,,,,,,,,
88.8,,,,,,,,
88.901,,,,,,,,
89,,,,,,,,
89.101,,,,,,,,
89.201,,,,,,,,
89.3,,,,,,,,
89.4,,,,,,,,
89.5,,,,,,,,
89.6,,,,,,,,
89.7,,,,,,,,
89.8,,,,,,,,
89.901,,,,,,,,
90.001,,,,,,,,
90.1,,,,,,,,
90.201,,,,,,,,
90.301,,,,,,,,
90.401,,,,,,,,
90.5,,,,,,,,
90.601,,,,,,,,
90.701,,,,,,,,
90.8,,,,,,,,
90.9,,,,,,,,
91.001,,,,,,,,
91.101,,,,,,,,
91.2,,,,,,,,
91.301,,,,,,,,
91.399,,,,,,,,
91.501,,,,,,,,
91.601,,,,,,,,
91.7,,,,,,,,
91.801,,,,,,,,
91.901,,,,,,,,
92,,,,,,,,
92.1,,,,,,,,
92.201,,,,,,,,
92.3,,,,,,,,
92.4,,,,,,,,
92.5,,,,,,,,
92.6,,,,,,,,
92.7,,,,,,,,
92.8,,,,,,,,
92.9,,,,,,,,
93.001,,,,,,,,
93.1,,,,,,,,
93.2,,,,,,,,
93.3,,,,,,,,
93.4,,,,,,,,
93.5,,,,,,,,
93.601,,,,,,,,
93.7,,,,,,,,
93.8,,,,,,,,
93.9,,,,,,,,
93.999,,,,,,,,
94.1,,,,,,,,
94.2,,,,,,,,
94.3,,,,,,,,
94.4,,,,,,,,
94.5,,,,,,,,
94.6,,,,,,,,
94.7,,,,,,,,
94.8,,,,,,,,
94.9,,,,,,,,
95,,,,,,,,
95.1,,,,,,,,
95.2,,,,,,,,
95.3,,,,,,,,
95.401,,,,,,,,
95.5,,,,,,,,
95.6,,,,,,,,
95.7,,,,,,,,
95.8,,,,,,,,
95.9,,,,,,,,
96,,,,,,,,
96.1,,,,,,,,
96.2,,,,,,,,
96.3,,,,,,,,
96.4,,,,,,,,
96.5,,,,,,,,
96.6,,,,,,,,
96.701,,,,,,,,
96.801,,,,,,,,
96.9,,,,,,,,
97.001,,,,,,,,
97.101,,,,,,,,
97.201,,,,,,,,
97.301,,,,,,,,
97.4,,,,,,,,
97.5,,,,,,,,
97.601,,,,,,,,
97.701,,,,,,,,
97.8,,,,,,,,
97.901,,,,,,,,
98.001,,,,,,,,
98.1,,,,,,,,
98.2,,,,,,,,
98.301,,,,,,,,
98.4,,,,,,,,
98.5,,,,,,,,
98.6,,,,,,,,
98.699,,,,,,,,
98.799,,,,,,,,
98.9,,,,,,,,
99.001,,,,,,,,
99.101,,,,,,,,
99.2,,,,,,,,
99.3,,,,,,,,
99.401,,,,,,,,
99.5,,,,,,,,
99.601,,,,,,,,
99.7,,,,,,,,
99.8,,,,,,,,
99.901,,,,,,,,
99.999,,,,,,,,
100.1,,,,,,,,
100.2,,,,,,,,
100.3,,,,,,,,
100.4,,,,,,,,
100.501,,,,,,,,
100.6,,,,,,,,
100.701,,,,,,,,
100.801,,,,,,,,
100.9,,,,,,,,
101,,,,,,,,
101.101,,,,,,,,
101.201,,,,,,,,
101.3,,,,,,,,
101.401,,,,,,,,
101.5,,,,,,,,
101.6,,,,,,,,
101.7,,,,,,,,
101.8,,,,,,,,
101.9,,,,,,,,
102,,,,,,,,
102.101,,,,,,,,
102.201,,,,,,,,
102.301,,,,,,,,
102.401,,,,,,,,
102.5,,,,,,,,
102.6,,,,,,,,
102.7,,,,,,,,
102.801,,,,,,,,
102.9,,,,,,,,
103,,,,,,,,
103.101,,,,,,,,
103.201,,,,,,,,
103.3,,,,,,,,
103.4,,,,,,,,
103.5,,,,,,,,
103.6,,,,,,,,
103.701,,,,,,,,
103.8,,,,,,,,
103.9,,,,,,,,
104.001,,,,,,,,
104.1,,,,,,,,
104.2,,,,,,,,
104.3,,,,,,,,
104.4,,,,,,,,
104.501,,,,,,,,
104.6,,,,,,,,
104.701,,,,,,,,
104.8,,,,,,,,
104.9,,,,,,,,
105,,,,,,,,
105.101,,,,,,,,
105.2,,,,,,,,
105.301,,,,,,,,
105.4,,,,,,,,
105.501,,,,,,,,
105.6,,,,,,,,
105.7,,,,,,,,
105.801,,,,,,,,
105.9,,,,,,,,
106,,,,,,,,
106.1,,,,,,,,
106.2,,,,,,,,
106.301,,,,,,,,
106.4,,,,,,,,
106.501,,,,,,,,
106.601,,,,,,,,
106.7,,,,,,,,
106.801,,,,,,,,
106.9,,,,,,,,
107.001,,,,,,,,
107.1,,,,,,,,
107.2,,,,,,,,
107.3,,,,,,,,
107.401,,,,,,,,
107.5,,,,,,,,
107.601,,,,,,,,
107.7,,,,,,,,
107.801,,,,,,,,
107.901,,,,,,,,
108.001,,,,,,,,
108.1,,,,,,,,
108.2,,,,,,,,
108.301,,,,,,,,
108.401,,,,,,,,
108.5,,,,,,,,
108.6,,,,,,,,
108.701,,,,,,,,
108.8,,,,,,,,
108.9,,,,,,,,
109,,,,,,,,
109.1,,,,,,,,
109.2,,,,,,,,
109.302,,,,,,,,
109.4,,,,,,,,
109.5,,,,,,,,
109.6,,,,,,,,
109.7,,,,,,,,
109.801,,,,,,,,
109.9,,,,,,,,
110.001,,,,,,,,
110.1,,,,,,,,
110.2,,,,,,,,
110.3,,,,,,,,
110.401,,,,,,,,
110.5,,,,,,,,
110.601,,,,,,,,
110.7,,,,,,,,
110.801,,,,,,,,
110.9,,,,,,,,
111.001,,,,,,,,
111.101,,,,,,,,
111.201,,,,,,,,
111.3,,,,,,,,
111.4,,,,,,,,
111.5,,,,,,,,
111.601,,,,,,,,
111.7,,,,,,,,
111.8,,,,,,,,
111.901,,,,,,,,
112,,,,,,,,
112.1,,,,,,,,
112.201,,,,,,,,
112.301,,,,,,,,
112.4,,,,,,,,
112.501,,,,,,,,
112.601,,,,,,,,
112.701,,,,,,,,
112.8,,,,,,,,
112.901,,,,,,,,
113,,,,,,,,
113.1,,,,,,,,
113.2,,,,,,,,
113.301,,,,,,,,
113.4,,,,,,,,
113.5,,,,,,,,
113.6,,,,,,,,
113.701,,,,,,,,
113.799,,,,,,,,
113.9,,,,,,,,
114.001,,,,,,,,
114.1,,,,,,,,
114.201,,,,,,,,
114.301,,,,,,,,
114.4,,,,,,,,
114.5,,,,,,,,
114.6,,,,,,,,
114.7,,,,,,,,
114.8,,,,,,,,
114.901,,,,,,,,
115,,,,,,,,
115.1,,,,,,,,
115.2,,,,,,,,
115.3,,,,,,,,
115.4,,,,,,,,
115.5,,,,,,,,
115.601,,,,,,,,
115.7,,,,,,,,
115.8,,,,,,,,
115.9,,,,,,,,
115.999,,,,,,,,
116.1,,,,,,,,
116.2,,,,,,,,
116.3,,,,,,,,
116.4,,,,,,,,
116.501,,,,,,,,
116.6,,,,,,,,
116.7,,,,,,,,
116.8,,,,,,,,
116.901,,,,,,,,
117,,,,,,,,
117.1,,,,,,,,
117.201,,,,,,,,
117.3,,,,,,,,
117.4,,,,,,,,
117.5,,,,,,,,
117.6,,,,,,,,
117.7,,,,,,,,
117.8,,,,,,,,
117.901,,,,,,,,
118,,,,,,,,
118.1,,,,,,,,
118.2,,,,,,,,
118.301,,,,,,,,
118.4,,,,,,,,
118.5,,,,,,,,
118.601,,,,,,,,
118.699,,,,,,,,
118.8,,,,,,,,
118.9,,,,,,,,
119.001,,,,,,,,
119.101,,,,,,,,
119.2,,,,,,,,
119.3,,,,,,,,
119.4,,,,,,,,
119.501,,,,,,,,
119.602,,,,,,,,
119.701,,,,,,,,
119.8,,,,,,,,
119.901,,,,,,,,
120,,,,,,,,
120.1,,,,,,,,
120.2,,,,,,,,
120.3,,,,,,,,
120.4,,,,,,,,
120.501,,,,,,,,
120.6,,,,,,,,
120.7,,,,,,,,
120.8,,,,,,,,
120.901,,,,,,,,
121,,,,,,,,
121.1,,,,,,,,
121.2,,,,,,,,
121.3,,,,,,,,
121.4,,,,,,,,
121.501,,,,,,,,
121.6,,,,,,,,
121.7,,,,,,,,
121.8,,,,,,,,
121.9,,,,,,,,
122,,,,,,,,
122.1,,,,,,,,
122.2,,,,,,,,
122.3,,,,,,,,
122.4,,,,,,,,
122.5,,,,,,,,
122.599,,,,,,,,
122.699,,,,,,,,
122.8,,,,,,,,
122.899,,,,,,,,
123,,,,,,,,
123.1,,,,,,,,
123.2,,,,,,,,
123.3,,,,,,,,
123.401,,,,,,,,
123.501,,,,,,,,
123.601,,,,,,,,
123.7,,,,,,,,
123.799,,,,,,,,
123.899,,,,,,,,
124,,,,,,,,
124.099,,,,,,,,
124.2,,,,,,,,
124.3,,,,,,,,
124.4,,,,,,,,
124.501,,,,,,,,
124.6,,,,,,,,
124.7,,,,,,,,
124.8,,,,,,,,
124.899,,,,,,,,
125,,,,,,,,
125.101,,,,,,,,
125.2,,,,,,,,
125.3,,,,,,,,
125.401,,,,,,,,
125.5,,,,,,,,
125.6,,,,,,,,
125.7,,,,,,,,
125.8,,,,,,,,
125.901,,,,,,,,
126,,,,,,,,
126.1,,,,,,,,
126.199,,,,,,,,
126.3,,,,,,,,
126.401,,,,,,,,
126.5,,,,,,,,
126.6,,,,,,,,
126.699,,,,,,,,
126.8,,,,,,,,
126.901,,,,,,,,
127,,,,,,,,
127.1,,,,,,,,
127.2,,,,,,,,
127.3,,,,,,,,
127.401,,,,,,,,
127.5,,,,,,,,
127.6,,,,,,,,
127.701,,,,,,,,
127.802,,,,,,,,
127.9,,,,,,,,
128,,,,,,,,
128.1,,,,,,,,
128.2,,,,,,,,
128.3,,,,,,,,
128.4,,,,,,,,
128.5,,,,,,,,
128.6,,,,,,,,
128.7,,,,,,,,
128.799,,,,,,,,
128.9,,,,,,,,
129,,,,,,,,
129.1,,,,,,,,
129.2,,,,,,,,
129.3,,,,,,,,
129.4,,,,,,,,
129.499,,,,,,,,
129.599,,,,,,,,
129.699,,,,,,,,
129.8,,,,,,,,
129.901,,,,,,,,
130,,,,,,,,
130.1,,,,,,,,
130.2,,,,,,,,
130.299,,,,,,,,
130.4,,,,,,,,
130.5,,,,,,,,
130.6,,,,,,,,
130.7,,,,,,,,
130.801,,,,,,,,
130.9,,,,,,,,
130.999,,,,,,,,
131.099,,,,,,,,
131.2,,,,,,,,
131.299,,,,,,,,
131.4,,,,,,,,
131.5,,,,,,,,
131.601,,,,,,,,
131.7,,,,,,,,
131.8,,,,,,,,
131.9,,,,,,,,
132,,,,,,,,
132.1,,,,,,,,
132.2,,,,,,,,
132.3,,,,,,,,
132.4,,,,,,,,
132.5,,,,,,,,
132.6,,,,,,,,
132.7,,,,,,,,
132.801,,,,,,,,
132.9,,,,,,,,
133,,,,,,,,
133.099,,,,,,,,
133.199,,,,,,,,
133.299,,,,,,,,
133.399,,,,,,,,
133.5,,,,,,,,
133.6,,,,,,,,
133.7,,,,,,,,
133.8,,,,,,,,
133.899,,,,,,,,
134,,,,,,,,
134.1,,,,,,,,
134.2,,,,,,,,
134.3,,,,,,,,
134.4,,,,,,,,
134.5,,,,,,,,
134.6,,,,,,,,
134.701,,,,,,,,
134.8,,,,,,,,
134.901,,,,,,,,
134.999,,,,,,,,
135.099,,,,,,,,
135.199,,,,,,,,
135.3,,,,,,,,
135.4,,,,,,,,
135.5,,,,,,,,
135.599,,,,,,,,
135.7,,,,,,,,
135.8,,,,,,,,
135.9,,,,,,,,
136,,,,,,,,
136.101,,,,,,,,
136.2,,,,,,,,
136.3,,,,,,,,
136.4,,,,,,,,
136.5,,,,,,,,
136.599,,,,,,,,
136.7,,,,,,,,
136.8,,,,,,,,
136.9,,,,,,,,
137.001,,,,,,,,
137.099,,,,,,,,
137.2,,,,,,,,
137.299,,,,,,,,
137.399,,,,,,,,
137.5,,,,,,,,
137.6,,,,,,,,
137.7,,,,,,,,
137.8,,,,,,,,
137.9,,,,,,,,
138,,,,,,,,
138.099,,,,,,,,
138.199,,,,,,,,
138.3,,,,,,,,
138.4,,,,,,,,
138.499,,,,,,,,
138.599,,,,,,,,
138.699,,,,,,,,
138.799,,,,,,,,
138.9,,,,,,,,
139,,,,,,,,
139.101,,,,,,,,
139.2,,,,,,,,
139.299,,,,,,,,
139.4,,,,,,,,
139.5,,,,,,,,
139.599,,,,,,,,
139.7,,,,,,,,
139.799,,,,,,,,
139.899,,,,,,,,
139.999,,,,,,,,
140.099,,,,,,,,
